user,absolute_learning_gain,realized_learning_gain,type,average_query_len,number_of_queries,number_of_views,number_of_clicks,session_duration,one_two_to_four,one_two_to_three,three_to_four,one_two_no_change,other,valid_questions,topic,average_dwell_time,unique_docs,number_of_bookmars,education_level,search_time,LM_estimate,KW_estimate,COMBI_estimate,COMBI_05
5ce456ea65535c0019185cd6,0.7,0.35,control,5.5,2,35,14,2407,3,1,0,6,0,4,Subprime mortgage crisis,22,12,9,Other,2086,0.9002430282221395,0.9356197975267542,0.9221766251910006,0.9179314128744469
56e06fde907c12000ae3ab94,1.1,0.55,visual,2.75,4,45,8,3835,5,1,0,4,0,4,Radiocarbon dating considerations,180,6,1,Bachelor's degree(s),1994,0.6802823726817384,0.8546743231332158,0.7884053819616543,0.7674783479074772
5d53ec22cb1bcf0015f59a65,1.0,0.5263157894736842,visual,1.8333333333333333,12,145,23,3399,4,1,1,4,0,4,Ethics,4,21,21,Bachelor's degree(s),2427,0.876991942230056,0.9809161351920248,0.9414249418664766,0.9289540387110404
5cdd2cd048d5f100155fabce,1.0,0.5,control,4.0,4,45,9,2358,5,0,0,5,0,4,Subprime mortgage crisis,202,7,2,Bachelor's degree(s),1784,0.9558648146074802,0.969105889197992,0.9640742808535975,0.9624853519027361
5d78fcd59066d90001a4977a,0.4,0.2,visual,3.6666666666666665,9,95,15,2230,1,2,0,7,0,4,Radiocarbon dating considerations,91,15,7,Bachelor's degree(s),1773,0.736500058086658,0.7691455729049745,0.7567402772740143,0.7528228154958163
5c8d54044597c00001459b8a,0.9,0.6,visual,4.333333333333333,12,155,12,2631,3,0,3,3,1,4,Subprime mortgage crisis,104,10,6,Bachelor's degree(s),1784,0.9352772340432706,0.9335956140595139,0.9342346296533414,0.9344364240513923
5ca3ab263c73ca00165e1f47,0.5,0.2631578947368421,visual,1.0,2,25,7,2937,1,3,0,5,1,4,Ethics,242,4,3,High School,1791,0.8758964676359371,0.9780291222622008,0.9392187135042207,0.926962794949069
5be9502561009a00018fd2fb,0.4,0.2,visual,1.8571428571428568,14,225,24,3324,0,4,0,6,0,4,Ethics,35,21,10,High School,3086,0.8677424372312758,0.9711395105800036,0.931848622707487,0.9194409739056397
5b28d18b007d870001c80b4b,0.6,0.4615384615384615,control,4.166666666666667,6,85,9,4611,1,2,2,2,3,4,Subprime mortgage crisis,185,9,0,Bachelor's degree(s),1828,0.9193807485188571,0.9568192220972901,0.9425926021374855,0.9380999853080736
5b6f45f685efdf00018a4228,0.2,0.1111111111111111,visual,4.75,4,45,4,2675,0,2,0,7,1,4,Subprime mortgage crisis,420,4,4,High School,1865,0.9673043938721115,0.9760298843471816,0.9727141979666549,0.9716671391096465
5db31089a1f8d3000c10a6c5,0.4,0.2352941176470588,control,2.6666666666666665,3,65,3,3494,1,2,0,5,2,4,Ethics,53,3,3,High School,414,0.8818066955282018,0.9692731913449663,0.9360359229345958,0.9255399434365841
5dfb852818c365010b98958e,1.6,0.888888888888889,visual,5.0,2,45,7,3819,8,0,0,1,1,4,Subprime mortgage crisis,148,7,6,High School,3107,0.8957403579142081,0.9227116605700615,0.9124625655608372,0.9092260092421348
5dae21b2232c620011d6a06e,1.0,0.5,control,4.2,10,165,44,2374,5,0,0,5,0,4,Subprime mortgage crisis,18,44,23,High School,1806,0.9523040815948586,0.9520928418566696,0.9521731129571813,0.9521984617257642
5de682581abb505f23455788,0.2,0.125,visual,4.090909090909091,11,135,19,2586,0,2,0,4,4,4,Irritable bowel syndrome,43,19,10,Bachelor's degree(s),2398,0.9033555247228734,0.977751714576251,0.9494811624319676,0.9405536196495622
5c83374a1b699a00111c2e2d,0.3,0.15,control,3.25,4,125,16,3209,1,1,0,8,0,4,Radiocarbon dating considerations,33,14,110,Bachelor's degree(s),2647,0.6965936048780499,0.6725492781328731,0.6816861222960403,0.6845714415054616
59ac162fa372d6000157ed8e,0.5,0.2941176470588235,control,1.0,3,35,8,3091,2,1,0,5,2,4,Ethics,200,7,7,Master's degree(s),1825,0.8679860912261168,0.8838061769277442,0.8777945443611258,0.8758961340769305
5c34e402b96e660001cb5ce6,0.2,0.1052631578947368,control,3.375,8,84,19,2646,0,2,0,7,1,4,Genetically modified organism,61,16,10,High School,2431,0.788248929005521,0.8683512368709854,0.837912359882109,0.8283000829382532
5ba8a1d2c16a9c0001497a21,0.5,0.2777777777777778,control,3.5,4,165,10,2636,0,5,0,3,2,4,Genetically modified organism,43,8,8,Master's degree(s),2157,0.8809420195961575,0.967453768964672,0.9345793042046364,0.9241978942804148
5e17956d94a2dc099b08aee2,0.1,0.05,control,3.888888888888889,9,165,17,3234,0,1,0,9,0,4,Radiocarbon dating considerations,71,16,8,Doctorate degree,1790,0.676582496746874,0.7647610766375682,0.7312532162791043,0.7206717866922211
5df1078df9e75001269f9aef,0.8,0.4,visual,2.5625,16,175,20,4870,0,8,0,2,0,4,Radiocarbon dating considerations,51,16,7,High School,1754,0.7360706198693668,0.8585165232587947,0.8119870799708122,0.7972935715640808
5d21228723c079001923a6ba,0.7,0.3333333333333333,visual,5.818181818181818,11,115,25,2689,2,2,1,6,0,4,Noise-induced hearing loss,42,17,14,Bachelor's degree(s),2316,0.9058136171058867,0.9591519686637613,0.938883395071769,0.932482792884824
5b213220809d160001a2c36d,0.8,0.4444444444444445,control,2.375,8,85,9,4033,4,0,0,5,1,4,Irritable bowel syndrome,31,8,4,High School,3217,0.8486130276652176,0.9750260727196411,0.9269891155989602,0.9118195501924293
5e0c773013064443636d7d91,0.2,0.1,control,3.0,2,85,16,2487,0,2,0,8,0,4,Radiocarbon dating considerations,38,14,9,High School,1750,0.6808141501386871,0.8138348075189621,0.7632869577144576,0.7473244788288246
5bbbf5339697e20001462af2,0.3,0.1363636363636363,control,2.0,2,75,21,3983,0,3,0,8,0,4,Noise-induced hearing loss,61,16,30,Master's degree(s),1797,0.885235841156703,0.9508835646127637,0.9259374296994607,0.9180597028847333
5d45bc6dde2d3a00167079db,0.4,0.2,control,2.857142857142857,7,130,9,5601,1,2,0,7,0,4,Irritable bowel syndrome,122,7,10,Master's degree(s),2180,0.7296247370310032,0.878497560241471,0.8219258874214932,0.804061148636237
5db14f079975f80012855001,0.2,0.125,control,3.0,3,85,18,3894,0,1,1,6,2,4,Radiocarbon dating considerations,84,18,5,Bachelor's degree(s),1788,0.7028640804012563,0.6933058626619685,0.6969379854028979,0.6980849715316124
5e313956077089128744185b,0.5,0.2631578947368421,visual,5.6,5,55,6,4719,0,4,1,5,0,4,Subprime mortgage crisis,409,4,0,Bachelor's degree(s),2634,0.8675759421952837,0.9516053149418505,0.9196741532981552,0.9095906285685671
5d5ff8b32c4db6001a4c9ca5,0.2,0.1,control,3.0,4,115,18,2870,0,2,0,8,0,4,Radiocarbon dating considerations,37,18,5,Master's degree(s),2487,0.721764452817846,0.6968244146003902,0.7063016291230234,0.709294433709118
5c864718d2c07e0001f53603,0.5,0.25,control,2.0,4,65,19,2948,1,3,0,6,0,4,Radiocarbon dating considerations,60,15,5,Bachelor's degree(s),2677,0.7051687930976749,0.8751468285202564,0.8105551750596753,0.7901578108089656
5c81b804b5bfcb00015aee82,0.7,0.35,visual,3.2857142857142856,14,135,14,3019,3,1,0,6,0,4,Subprime mortgage crisis,71,13,2,Bachelor's degree(s),1745,0.8783797019732964,0.8932868495156929,0.8876221334495822,0.8858332757444947
5cfe32e6e9fbdd00019cf719,0.9,0.4285714285714285,control,5.545454545454546,11,155,19,3347,2,4,1,4,0,4,Noise-induced hearing loss,86,17,15,Bachelor's degree(s),2712,0.884880147760238,0.9540023272082179,0.9277358990179856,0.919441237484228
5a0dc5fbab721b0001ef8254,0.8,0.4,control,7.0,5,125,17,3999,2,4,0,4,0,4,Subprime mortgage crisis,116,16,7,High School,2275,0.9052982038260315,0.9340728850527154,0.9231385061865754,0.9196855444393734
5b55dd9ae173e60001963c1b,0.0,0.0,control,2.75,4,75,14,2191,0,0,0,9,1,4,Genetically modified organism,121,13,7,Bachelor's degree(s),1744,0.7443701593473315,0.8863406227801733,0.8323918466756934,0.8153553910637524
5b5f1cd27757ed000198dcb0,0.3,0.15,control,1.5,2,25,6,3296,0,3,0,7,0,4,Business cycle,94,5,3,High School,2978,0.7763860627701111,0.8259811097205335,0.8071349918793731,0.8011835862453223
5d14f4afcc9ce80001c2b6be,1.5,0.6818181818181818,visual,3.333333333333333,9,95,23,3856,7,1,0,3,0,4,Noise-induced hearing loss,32,19,8,High School,3655,0.9013045007401198,0.9602413356340356,0.9378453383743477,0.9307729181870776
5d00bb3b51669b000136a986,0.5,0.2631578947368421,control,2.0,8,105,17,3666,0,5,0,4,1,4,Business cycle,56,16,0,Master's degree(s),1745,0.7947877080841114,0.8876029090829562,0.8523331327033952,0.8411953085835338
5df0c36dcd604d10886592a4,0.4,0.25,control,2.0,2,35,11,2684,1,0,2,6,1,4,Genetically modified organism,136,10,5,Master's degree(s),2146,0.8273566997014102,0.8073708139856787,0.8149654505576567,0.8173637568435445
5e2ac2737916f010b330807f,0.5,0.25,control,3.2,5,145,31,4231,1,3,0,6,0,4,Business cycle,33,25,7,Bachelor's degree(s),3619,0.8410816877898181,0.8842112745062929,0.8678220315540325,0.8626464811480554
5bba89fbe258e8000160ea8f,0.4,0.2,control,2.75,8,105,26,5072,0,4,0,6,0,4,Ethics,43,25,16,Bachelor's degree(s),2858,0.8917679263677565,0.9821311308191235,0.9477931131276041,0.9369495285934399
5db28a33b1cabf000ed1a01f,0.5,0.25,visual,3.6,5,72,16,3687,1,3,0,6,0,4,Subprime mortgage crisis,99,12,4,Bachelor's degree(s),3085,0.9288752365283189,0.9229495428935696,0.9252013064747743,0.9259123897109443
5dee9d7e95809453d6550cc6,0.6,0.3333333333333333,visual,3.875,8,105,12,3042,1,4,0,4,1,4,Irritable bowel syndrome,91,11,4,Bachelor's degree(s),2644,0.8606885178435385,0.9291004421965501,0.9031039109424057,0.8948944800200442
5cf11692db627b001af86a0f,0.0,0.0,visual,3.212121212121212,33,335,33,2665,0,0,0,6,4,4,Irritable bowel syndrome,35,29,6,High School,2453,0.8633749817709816,0.9763095043602401,0.9333943857763218,0.9198422430656108
5c636850bad3560001c2749e,0.5,0.2631578947368421,visual,3.6666666666666665,12,165,26,3611,1,3,0,5,1,4,Radiocarbon dating considerations,46,19,7,High School,3295,0.7288682586185681,0.9427691705616201,0.8614868240232604,0.8358187145900942
5de55783e520274db68ca01c,0.9,0.4736842105263158,visual,2.0,19,195,36,7716,3,2,1,4,0,4,Ethics,53,28,11,Associate's degree(s),5142,0.8742772665087883,0.9562224644470507,0.925083289230511,0.9152498654779195
5dac6c101c1da300147b5d92,0.7,0.3888888888888888,visual,4.75,4,45,2,2954,1,5,0,3,1,4,Subprime mortgage crisis,49,2,3,High School,1843,0.8846301678183812,0.9417519057803919,0.9200456453548278,0.9131910367993865
5de00d05988d7c0877eaa15a,1.0,0.5,visual,2.25,28,335,38,3547,5,0,0,5,0,4,Ethics,29,35,13,High School,2580,0.8655357625397271,0.9308406919655314,0.9060248187837259,0.8981882272526293
5d70ec2138ac7e00012f817b,0.5,0.3125,visual,3.5,14,155,22,3381,1,3,0,3,3,4,Radiocarbon dating considerations,44,21,9,Bachelor's degree(s),3117,0.6823052875155662,0.9379635214632494,0.8408133925631298,0.8101344044894078
5d9b1ce89d4ead001599ba7e,1.0,0.5,visual,3.0,5,65,10,3634,5,0,0,5,0,4,Genetically modified organism,175,9,3,Master's degree(s),2457,0.7945944391127976,0.8244867975005261,0.8131277013131892,0.8095406183066618
5c10e5c5753adc0001590f2c,0.1,0.05,visual,2.2,5,75,8,3347,0,1,0,9,0,4,Radiocarbon dating considerations,56,7,0,Master's degree(s),1654,0.4979651019343898,0.6983492539673775,0.6222032761948422,0.5981571779508836
5d97c29a26df700016921bd8,0.2,0.1,progress,2.095238095238096,21,225,16,2127,0,2,0,8,0,4,Ethics,31,15,4,High School,2032,0.8736101611734922,0.8379031548521206,0.8514718172542418,0.8557566580128064
5e372f7ee63d3c000b152fc2,1.6,0.8,progress,1.807692307692308,26,335,7,2620,7,2,0,1,0,4,Ethics,25,6,21,Bachelor's degree(s),1269,0.8254536650734026,0.9171464333131966,0.8823031813820748,0.8713000491932996
5d45f6d7da637a00014b9e30,0.2,0.1,progress,3.6666666666666665,9,125,17,2789,0,2,0,8,0,4,Business cycle,73,17,8,High School,2575,0.7775921256023783,0.8479641341447697,0.821222770898661,0.812778129873574
5badcd276322c5000157c196,0.1,0.0454545454545454,progress,3.5,2,105,22,2014,0,1,0,10,0,4,Noise-induced hearing loss,39,22,1,Bachelor's degree(s),1303,0.9001709458268491,0.9509794174177094,0.9316721982131825,0.9255751816222793
5e311dd7a390be11ebfc23c3,1.2,1.0,progress,5.206896551724138,29,305,27,3411,6,0,0,0,4,4,Irritable bowel syndrome,23,27,23,High School,3289,0.8508729671954176,0.9744333909133828,0.9274804299005561,0.9126531790544001
5ddff33bb28cf706c57b4c88,0.4,0.2,progress,1.6666666666666667,9,155,20,3022,2,0,0,8,0,4,Ethics,56,19,7,High School,2697,0.8856236533896924,0.8418936356494258,0.8585110423907271,0.8637586445195591
5c122026e6eb4e0001b2ec82,0.2,0.1111111111111111,progress,5.857142857142857,7,85,11,2743,0,2,0,6,2,4,Irritable bowel syndrome,33,10,2,High School,1745,0.5764153868757897,0.923196109284282,0.7914194347690549,0.7498057480800359
5a8ad2082a842c0001fce0f2,0.9,0.4736842105263158,progress,2.0,15,175,16,3625,4,1,0,4,1,4,Ethics,14,16,16,Bachelor's degree(s),1453,0.8756659251897089,0.892408203443761,0.8860461377072213,0.884037064316735
5e0f443e8205266652153f5e,0.8,0.4,progress,2.071428571428572,14,165,35,3486,4,0,0,6,0,4,Ethics,22,35,13,Bachelor's degree(s),2926,0.8871355930973318,0.9032207860973899,0.8971084127573677,0.8951781895973608
5c612e1a6467ac0001b8122d,0.3,0.15,progress,2.35,20,295,31,3990,0,3,0,7,0,4,Ethics,26,30,8,Master's degree(s),2944,0.8893079646995221,0.8526732338064376,0.8665944315458096,0.8709905992529798
5d0f89123382180001624f48,0.6,0.3,progress,3.5,6,85,17,3404,2,2,0,6,0,4,Business cycle,57,14,4,Master's degree(s),2232,0.7905596951308361,0.8952565346196499,0.8554717356139008,0.8429081148752431
5d973069cb19b600164e2195,0.4,0.2352941176470588,progress,1.75,8,95,14,3734,1,1,1,6,1,4,Irritable bowel syndrome,53,13,7,Master's degree(s),2752,0.8776505867437556,0.9831575800776827,0.9430649226107904,0.9304040834107192
5a22e6aabf56cc00017701ef,0.2,0.1,progress,1.8333333333333333,6,105,10,2439,1,0,0,9,0,4,Ethics,61,10,3,High School,1665,0.8510588519453398,0.981286279744183,0.9317998571806226,0.9161725658447615
5dde6acfcaee3edc541ad36b,0.1,0.0555555555555555,progress,3.5,2,35,5,2585,0,0,1,8,1,4,Genetically modified organism,65,4,0,High School,1515,0.8469134384157756,0.9152480784041327,0.889280915208557,0.8810807584099541
5d1dc2f9bc2b1d001a2415a5,0.3,0.1666666666666666,progress,4.090909090909091,22,245,19,3092,0,2,1,6,1,4,Radiocarbon dating considerations,35,18,13,Other,2885,0.7420385058890768,0.9189525460641198,0.8517252107976034,0.8304955259765983
5e07c976f6191f137214e91f,0.1,0.05,progress,1.7333333333333334,15,205,18,4636,0,1,0,9,0,4,Genetically modified organism,43,16,13,High School,4105,0.7485245861227647,0.8231763563368806,0.7948086836555166,0.7858504712298227
5b45113dcd6a5500018c5dd0,0.2,0.1,progress,3.7777777777777777,18,205,31,4137,1,0,0,9,0,4,Business cycle,34,31,8,Bachelor's degree(s),2833,0.8103512706150277,0.8542065848773834,0.8375415654576883,0.8322789277462055
5d41aa9ec61bc300012c73f6,0.0,0.0,progress,3.5,22,265,33,2373,0,0,0,8,2,4,Business cycle,25,32,4,Master's degree(s),1993,0.8546341307302562,0.8841452676088728,0.8729310355949985,0.8693896991695644
5dc57803c19a5c3e7ae8f683,0.2,0.1,progress,2.0,3,37,7,3117,1,0,0,9,0,4,Genetically modified organism,100,5,11,Bachelor's degree(s),2525,0.8323526828201511,0.8384374356873244,0.8361252295977986,0.8353950592537378
5e3d309334bbeb107db57b93,0.2,0.1,progress,3.0,10,160,22,3891,0,2,0,8,0,4,Business cycle,119,18,9,Master's degree(s),3459,0.8038202639333081,0.8803403109938828,0.8512626931108643,0.8420802874635954
5dd6d7957beb2966ce4d9e82,0.1,0.0526315789473684,progress,6.5,2,45,19,3120,0,1,0,8,1,4,Irritable bowel syndrome,55,17,5,Bachelor's degree(s),2788,0.8042582539718963,0.9019904160994255,0.8648521944909644,0.853124335035661
5d0bcf217a581100161860ae,0.3,0.15,progress,6.4,10,165,31,4005,1,1,0,8,0,4,Subprime mortgage crisis,20,27,13,Bachelor's degree(s),3037,0.9294725819898745,0.950754448535153,0.9426673392479472,0.9401135152625137
59922ece7d29e70001730450,0.7,0.3684210526315789,progress,5.0,7,85,10,3244,2,2,1,5,0,4,Subprime mortgage crisis,190,9,0,High School,2010,0.9079000065461799,0.948781970054707,0.9332468239214666,0.9283409883004434
5d2790564ea8d100190b3e4e,0.1,0.0526315789473684,progress,2.1666666666666665,6,75,14,2774,0,0,1,9,0,4,Genetically modified organism,103,12,4,Other,1839,0.8295029001251522,0.8632593707965036,0.8504319119413901,0.8463811354608279
5c3ee593de04ad0001d91352,0.5,0.2941176470588235,progress,3.4705882352941178,17,185,12,2967,2,1,0,5,2,4,Radiocarbon dating considerations,89,12,2,Bachelor's degree(s),2570,0.7520338148591239,0.9607340783081467,0.8814279781975181,0.8563839465836354
5d3869444a0f0500198dc192,0.5,0.25,progress,3.294117647058824,17,225,25,2753,1,3,0,6,0,4,Business cycle,36,23,13,Bachelor's degree(s),2502,0.8313970085947688,0.887609643414391,0.8662488421829345,0.8595033260045799
5d36e5a972282e0019605fa0,0.0,0.0,progress,3.4545454545454546,11,115,34,4231,0,0,0,10,0,4,Irritable bowel syndrome,43,31,0,Unknown,1917,0.8338641756871027,0.9570036131106591,0.9102106268897077,0.8954338943988809
5c4490dd4fe4f800016e6cd5,0.7,0.3181818181818181,qe,2.0,2,25,10,2482,2,3,0,6,0,4,Noise-induced hearing loss,171,10,2,Bachelor's degree(s),1719,0.9158008435038795,0.9575312682373521,0.9416737068386325,0.9366660558706158
5d4a41890e604c00011ade8b,0.1,0.0526315789473684,qe,2.4615384615384617,13,185,13,2410,0,1,0,8,1,4,Genetically modified organism,66,12,6,Bachelor's degree(s),2227,0.7735980397770095,0.7560427696611227,0.7627137723051597,0.7648204047190661
5d8492ecb485f60018b006a6,0.6,0.2857142857142857,qe,2.75,4,85,13,2942,0,6,0,4,1,4,Noise-induced hearing loss,96,12,2,Doctorate degree,2635,0.9029922513474801,0.9544990022735832,0.934926436921664,0.9287456268105316
5d95c68ac9a1c50019225baf,0.7,0.4117647058823529,qe,3.25,4,115,7,4970,2,3,0,2,3,4,Business cycle,76,7,4,Master's degree(s),1296,0.8037886512135184,0.8517283906297912,0.8335112896516075,0.8277585209216548
5cf9179b8c98dc0001d5a431,0.9,0.4285714285714285,qe,4.75,4,45,17,3363,3,3,0,4,1,4,Noise-induced hearing loss,74,14,5,Bachelor's degree(s),2417,0.9114797470092666,0.947802099331166,0.9339996054488442,0.9296409231702163
5dfcc5cf7dd4779b542dc38d,1.0,0.5,qe,3.0,3,45,13,4423,4,2,0,4,0,4,Subprime mortgage crisis,39,12,16,Master's degree(s),3081,0.96842444180249,0.9780651720984807,0.9744016945860041,0.9732448069504853
5b89c9494457e80001f23b86,0.6,0.3333333333333333,qe,2.25,4,45,13,2378,3,0,0,6,1,4,Radiocarbon dating considerations,64,9,2,High School,2116,0.7338557051401878,0.8861136387865192,0.8282556240009133,0.8099846719633534
5e2d57b2ce5e9a3542ef6890,0.0,0.0,qe,1.8571428571428568,7,135,9,2222,0,0,0,10,0,4,Irritable bowel syndrome,9,7,23,High School,2057,0.8936780589637242,0.9761016326035705,0.9447806746204288,0.9348898457836474
5a57b9dfac5624000153be46,0.4,0.2222222222222222,qe,3.857142857142857,7,95,13,2858,0,4,0,4,2,4,Ethics,98,13,5,Bachelor's degree(s),2520,0.8787850174328681,0.9733987868310803,0.9374455544597596,0.9260919021319742
5ceda8920afd6e0016a9ed7b,0.9,0.45,qe,2.8,5,55,18,2320,4,1,0,5,0,4,Subprime mortgage crisis,111,10,2,Master's degree(s),1923,0.9716843157058858,0.9666017846280514,0.9685331464376283,0.9691430501669686
5c7c3a866fa756000182443e,0.5,0.25,qe,2.0,2,55,18,3212,1,3,0,6,0,4,Radiocarbon dating considerations,78,18,5,Bachelor's degree(s),2684,0.6970343386269138,0.8548277692634683,0.7948662656215776,0.775931053945191
5c703ae661dd7e0001a15495,0.2,0.1,qe,3.230769230769231,13,175,22,2280,0,2,0,8,0,4,Business cycle,54,16,2,High School,1771,0.8332452250005643,0.8744176308354507,0.8587721166181939,0.8538314279180075
5d23228194f96d00011ddba7,0.7,0.35,qe,3.857142857142857,7,85,19,2636,3,1,0,6,0,4,Radiocarbon dating considerations,79,19,0,Master's degree(s),1743,0.7184648827234837,0.8904488107810432,0.8250949181191706,0.8044568467522635
5db29ce254945b003c8ef699,0.8,0.4210526315789474,qe,2.2,5,95,8,4721,2,4,0,3,1,4,Business cycle,272,6,4,High School,2290,0.8380559484864754,0.8533330435737162,0.8475277474405647,0.8456944960300958
5cd168e9f651de0015a062d2,0.5,0.2631578947368421,qe,1.5,2,25,4,3506,2,1,0,6,1,4,Radiocarbon dating considerations,225,4,2,High School,3236,0.6614024954713817,0.8505108450378911,0.7786496722026175,0.7559566702546364
5d906cd46ecd0600155804b1,0.5,0.2941176470588235,qe,1.75,4,75,12,2814,1,0,3,6,0,4,Genetically modified organism,139,10,5,Master's degree(s),2703,0.8032844825067252,0.9334676659403236,0.8839980562355562,0.8683760742235245
5a7fab56f49c9a0001f3549e,0.6,0.3157894736842105,qe,3.1666666666666665,6,105,11,2725,2,1,1,6,0,4,Radiocarbon dating considerations,113,9,5,Bachelor's degree(s),2574,0.734809054359151,0.8712798128759844,0.8194209246395878,0.8030444336175677
5b7b22a5b5727c0001de1369,0.1,0.0588235294117647,qe,4.285714285714286,7,95,15,5679,0,0,1,8,1,4,Genetically modified organism,65,13,7,Bachelor's degree(s),3419,0.8717441693156209,0.9353932109627751,0.9112065751368564,0.9035686901391979
5dce29700ad506063969a4a5,1.3,0.65,qe,2.0,2,35,9,4959,6,1,0,3,0,4,Ethics,190,6,3,High School,3588,0.8915431103295072,0.9780908997630786,0.9452027397783215,0.934817005046293
5e9768cc5f33bb22590fb0aa,1.1,0.5,progress,3.333333333333333,6,65,22,2571,5,1,0,5,0,4,Noise-induced hearing loss,50,22,0,High School,1336,0.9081342522479677,0.9602644000215007,0.9404549438675582,0.9341993261347342
5daee5d378871500151991ff,0.4,0.2,progress,4.6,30,356,20,3625,0,4,0,5,2,4,Noise-induced hearing loss,15,19,34,Doctorate degree,2326,0.8925622370039155,0.9600653754321063,0.9344141828293937,0.926313806218011
5ed416a5b45e9d0ca2e233f6,1.0,0.4545454545454545,progress,5.142857142857143,7,95,21,3243,3,4,0,4,0,4,Noise-induced hearing loss,17,20,15,High School,3048,0.8896487171795352,0.9581916036478575,0.932145306789895,0.9239201604136964
5e2a35ee4b7f660a610d186d,0.5,0.25,progress,3.5,8,105,9,4370,0,5,0,5,0,4,Radiocarbon dating considerations,263,9,5,Bachelor's degree(s),2693,0.7218034185655116,0.9212627302957803,0.8454681918382781,0.8215330744306459
5f027693e9d8624152933196,1.0,0.4545454545454545,progress,3.6666666666666665,9,125,37,2594,2,6,0,3,0,4,Noise-induced hearing loss,28,25,0,Associate's degree(s),1676,0.8877099778961205,0.9561016327453157,0.9301128039026215,0.9219058053207181
5d9606b7f04d7d0015a6169a,1.6,0.8,progress,5.25,4,115,45,3059,7,0,2,2,0,4,Noise-induced hearing loss,11,45,4,High School,2511,0.901155009619442,0.9485715837921328,0.9305532856065102,0.9248632967057874
5e6f7716f51849000a34a0b3,0.0,0.0,progress,3.583333333333333,12,135,1,2762,0,0,0,11,0,4,Noise-induced hearing loss,0,1,28,High School,50,0.1382623261977063,0.08916574474166461,0.10782244569496044,0.11371403546968545
5b56d2c8dede4a0001ee7b36,0.2,0.1,progress,3.8,10,105,23,2313,0,2,0,8,0,4,Radiocarbon dating considerations,65,21,3,Bachelor's degree(s),1788,0.6890504348744502,0.8597786126910424,0.7949019051207373,0.7744145237827462
5ec51889e0ceef4580f1d124,0.5,0.25,progress,4.285714285714286,7,85,15,3815,1,3,0,6,0,4,Radiocarbon dating considerations,73,15,11,Bachelor's degree(s),2341,0.720897926286513,0.8355367739543683,0.7919740118405834,0.7782173501204406
5ebe59309264f81ae5a87a30,0.3,0.1428571428571428,control,5.285714285714286,7,95,15,2864,0,3,0,7,1,4,Noise-induced hearing loss,87,15,5,High School,1686,0.8232423648522939,0.9726761542172667,0.915891314258577,0.8979592595347803
5e7b99d461d3e41ae8ad364e,0.1,0.05,control,4.4,5,55,13,2639,0,1,0,9,0,4,Irritable bowel syndrome,57,13,5,High School,2443,0.7624585227043597,0.9136821239639461,0.8562171554853033,0.8380703233341529
5eab7843de4724150babfd6b,1.9,0.8636363636363635,control,4.4,5,65,5,3386,9,1,0,1,0,4,Noise-induced hearing loss,75,3,0,High School,493,0.8568856746685599,0.9314109261318299,0.9030913305757873,0.8941483004001949
5a9fe0026219a30001f55a2c,0.4,0.1904761904761904,control,3.5,2,225,37,2918,0,4,0,6,1,4,Noise-induced hearing loss,18,36,20,Doctorate degree,2697,0.8964227983244779,0.9477803569946349,0.9282644846999752,0.9221015776595565
5a622b2d13898300014b20d6,0.4,0.2105263157894737,control,2.571428571428572,7,105,20,4241,0,3,1,6,0,4,Irritable bowel syndrome,60,17,2,High School,3732,0.7784409362416749,0.9009404593758565,0.8543906405848676,0.8396906978087657
5c883760e0f6e50017f0abbb,0.2,0.1666666666666666,qe,2.6666666666666665,6,105,12,3687,0,1,1,4,4,4,Subprime mortgage crisis,75,12,4,Bachelor's degree(s),2164,0.9676750038615002,0.9381185515602165,0.9493500034347042,0.9528967777108583
5ec1abeeb2a0490cf78d96a4,1.0,0.5,qe,2.0,3,35,10,3806,3,4,0,3,0,4,Ethics,94,7,6,High School,2031,0.867556954413215,0.9778964010755933,0.9359674113438896,0.9227266777444041
5eac2099b273a00513d31d9f,0.9,0.45,qe,3.5,4,55,19,3949,4,1,0,5,0,4,Irritable bowel syndrome,65,13,5,Bachelor's degree(s),3510,0.8668727925574445,0.9682650292579471,0.9297359793117561,0.9175689109076959
5f120e2fe67ff7132e8676ca,0.3,0.15,qe,3.142857142857143,7,105,18,3062,0,3,0,7,0,4,Subprime mortgage crisis,53,16,7,High School,2405,0.9743449867784705,0.9689824972491397,0.9710202432702854,0.971663742013805
5ed51cadb2c5c106a6d1f561,0.6,0.3,qe,2.1,10,125,18,2568,3,0,0,7,0,4,Ethics,66,18,4,Bachelor's degree(s),2088,0.8594659568278982,0.9797762267454334,0.9340583241767701,0.9196210917866658
5ee9fc1362000a034812d384,0.8,0.5,qe,3.0,5,55,20,3747,2,2,2,3,1,4,Irritable bowel syndrome,104,13,9,High School,2060,0.8707566075408995,0.9790323661434064,0.9378875778744538,0.9248944868421529
573f59f150f5e6000dcc4963,0.3,0.15,qe,3.142857142857143,7,145,7,2946,0,3,0,7,0,4,Ethics,9,6,1,Bachelor's degree(s),1831,0.8626176597343823,0.93038566319585,0.9046338218804924,0.8965016614651162
5cb8c4fcccb16200177ab49d,0.4,0.2105263157894737,qe,3.333333333333333,3,45,7,3934,0,4,0,5,1,4,Subprime mortgage crisis,163,7,3,High School,3746,0.8999709098970168,0.8529587106824617,0.8708233463839926,0.8764648102897392
5e7f9714e74e0c66d2a04098,0.3,0.1666666666666666,qe,2.5,2,25,8,3672,0,3,0,5,2,4,Subprime mortgage crisis,169,8,0,Bachelor's degree(s),1351,0.9749914316808568,0.9829592186651261,0.9799314596111037,0.9789753251729915
5ddc359be0b21bb985c6804d,0.5,0.3125,visual,3.5,8,105,8,2940,1,1,2,5,1,4,Genetically modified organism,88,5,3,Bachelor's degree(s),2566,0.8574823936011682,0.9372217527325042,0.9069207962625965,0.8973520731668362
58f669cefb4d7500014af69b,0.0,0.0,visual,5.0,7,155,6,3395,0,0,0,9,1,4,Genetically modified organism,35,5,2,Other,3030,0.8618793772135365,0.9313566573504707,0.9049552908984357,0.8966180172820035
5f0214e58782120a8c970fd6,0.0,0.0,visual,1.9090909090909087,11,155,20,4919,0,0,0,8,2,4,Genetically modified organism,38,19,8,Applied or professional doctorate degree(s),1803,0.8115133698837705,0.724650071308009,0.7576581247667984,0.7680817205958897
5d77c0eb4a666c0019561a80,0.2,0.0909090909090909,visual,2.1333333333333333,15,225,19,5127,0,2,0,9,0,4,Noise-induced hearing loss,52,14,0,Bachelor's degree(s),1400,0.8719477983590168,0.9538862396317082,0.9227496319480855,0.9129170189953625
5e31a1526ef37a1879a94441,0.6,0.3,visual,4.0,9,155,19,4018,1,4,0,5,1,4,Noise-induced hearing loss,41,14,8,Bachelor's degree(s),3686,0.9070656251528189,0.9533760562343366,0.9357780924233599,0.9302208406935777
5ee49f3f80158100097e6f8c,0.5,0.25,visual,4.7,20,235,12,3557,2,1,0,7,0,4,Business cycle,40,11,25,Master's degree(s),3186,0.8444552028541915,0.9221782533670558,0.8926434941721675,0.8833167281106237
56f745653bd969000d170c15,0.5,0.25,visual,3.0,6,85,12,3380,0,5,0,5,0,4,Business cycle,103,10,5,Associate's degree(s),1746,0.7712505440914114,0.8509553967456718,0.8206675527370528,0.8111029704185415
5eb58476f88d4008fa483809,0.9,0.45,visual,3.882352941176471,17,195,21,4284,3,3,0,4,0,4,Business cycle,72,20,0,Doctorate degree,1922,0.8702160419996553,0.8677117525531163,0.8686633825428012,0.8689638972763858
5eeb306d69a87827326a862c,0.3,0.15,visual,3.8666666666666663,15,155,20,2946,0,3,0,7,0,4,Business cycle,23,18,15,Applied or professional doctorate degree(s),2275,0.8602607990008174,0.8572464335396321,0.8583918924148826,0.8587536162702247
